Workbook

Sheet Read me
A1: CIQ Digital – user acceptance test cases
A2: Internal app (Beiersdorf roles) and Supplier Portal (supplier contacts)
A4: What this is
A5: Each row on the sheet “Test cases” is one test: who performs it, what must be in place first, the steps, and what you should see. Several tests check both sides: one person acts (for example the supplier answers a question) and another checks the result (the reviewer sees the answer).
A7: How to record your results
A8: 1. Work through the tests in order: later tests build on the cases created in earlier ones. Exception: do TC-01 step 7 and TC-03 steps 8–9 after TC-04, which creates the first case.
A9: 2. Fill in only the yellow columns: Result, Comments / findings, Tested by and Date tested.
A10: 3. Result: choose Pass (everything as expected), Fail (something differs from the expected result), Blocked (the test could not be done, e.g. a previous step failed or access is missing) or Not tested.
A11: 4. Comments / findings: for Fail or Blocked, write what you did, what you saw and what you expected; add the case ID or screenshot name. For Pass, comments are optional.
A12: 5. The sheet “Summary” counts the results automatically.
A14: Who tests
A15: Beiersdorf: Raw Material Manager (RMM), the department reviewers (Regulatory Affairs, Product Safety, Quality Management, Microbiology, Sustainability) and the Business administrator, with one test user per role, each holding only that role. Add a second RMM user (TC-42, TC-43) and a second Quality Management user (TC-16). A user who holds several CIQ roles works in only one of them, so give each test user one CIQ role. Supplier side: test supplier A (also usable as supplier X in TC-40) with at least three contacts with Supplier Portal access (at least two may confirm and release, one marked “May not confirm”); supplier Y with one contact with portal access who may confirm and release (TC-40); one inactive test supplier (supplier C in TC-03); and one portal account without the Supplier role (TC-40). Before the tests, Kissflow links each test contact to its Supplier Portal account; this is not done in the CIQ screens. A contact added during the tests (as in TC-01) gets no request until Kissflow has linked it. Link it before a case names it: a case started earlier never reaches that contact. Use test materials and test data only.
... A21: Example of a filled-in row (format only)
A22: Test case ID | B22: Result | C22: Comments / findings | D22: Tested by | E22: Date tested
A23: TC-04 | B23: Fail | C23: Step 7: the request showed the trade name, but the due date was 30 days instead of 60. Screenshot TC-04-a. | D23: A. Example (RMM) | E23: 2026-10-23

Sheet Test cases
A1: ID | B1: Area | C1: Who tests | D1: Test case | E1: Before you start | F1: Steps | G1: Expected result | H1: Requirement | I1: Priority | J1: Result | K1: Comments / findings | L1: Tested by | M1: Date tested
A2: TC-01 | B2: Setup – supplier master data | C2: Business administrator; Raw Material Manager (RMM) to check | D2: Maintain suppliers and contacts; RMM uses them read-only | E2: A Business administrator user and an RMM user. For step 7, the case from TC-04 must exist. | F2: 1. As the Business administrator, open Suppliers and click “Add supplier”. In the window, click “Add supplier” without entering anything. 2. Enter Legal name, an 8-digit DUNS number, Type, Country, City and one contact (name, e-mail, job title, “May confirm and release” ticked). Save. 3. Correct the DUNS number to 9 digits, add a second contact with “Add another contact”, and save. 4. On the new supplier's page, click “Add contact” and enter an e-mail that another contact already uses. 5. Edit the second contact, then click “Deactivate” on it. 6. Try to deactivate the first contact, which is now the last active one. Then click “Reactivate” on the second contact. 7. (Do this after TC-04.) Open the supplier that has an open case and click “Deactivate supplier”. 8. As RMM, open Suppliers and the new supplier. Then click “New case” and search for the supplier by its DUNS number. | G2: - Step 1: “Fix N items first:” lists every missing item (name, DUNS number, country, contact). Nothing is saved. - Step 2: “The DUNS number has exactly 9 digits.” Nothing is saved. - Step 3: the supplier page opens as Active with both contacts. Source reads “Added in the app by <name> on <date>”. The history shows the addition. - Step 4: “This e-mail is already used by <name> (<supplier>).” - Step 5: the change is saved and shown in the history. The contact shows “Inactive since <date>”; it is never deleted. - Step 6: “<name> is the last active contact of this supplier. Add another contact first.” Reactivate makes the second contact active again. - Step 7: refused. The page names the open case and asks to cancel or complete it first. - Step 8: RMM sees the list and the page with “Maintained by the business administrator.” and no Add, Edit or Deactivate. In New case the supplier can be chosen, with its active contacts only. | H2: REQ-PROC-001, REQ-CFG-004 | I2: High
A3: TC-02 | B3: Setup – sign-in and menus | C3: Raw Material Manager (RMM); department reviewers (Regulatory Affairs, Product Safety, Quality Management, Microbiology, Sustainability); Business administrator | D3: Each Beiersdorf role opens on its own start page and sees only its own menu | E3: One test user per role, each holding only that role. | F3: 1. Sign in as RMM and open the CIQ Digital app. Check the left menu. 2. Collapse the left menu, expand it again, and click Reload at its bottom. 3. Sign in as each of the five department reviewers in turn and open the app. 4. As a department reviewer, check that the menu has no Suppliers, Rules or Dashboard entry. 5. Sign in as the Business administrator and open the app. | G3: - RMM opens on the Dashboard. The menu is headed “Raw Material Manager (RMM)” and shows only Dashboard, My reviews, Cases and Suppliers. If no case exists yet, the Dashboard shows only “Start your first CIQ case” with “New case” and “Suppliers (n)”. - The bottom of the menu shows “Updated hh:mm”, Reload and the night-mode switch. The menu collapses to icons and expands again; Reload updates the time. - Each reviewer opens on “My reviews” with the department name above the title (e.g. “Product Safety”). The menu shows only My reviews and Cases. Without a task the page shows “No review tasks yet”. - Only the Safety and Regulatory page subtitles mention their internal decision and the RMES tab (“The RMES tab shows the material's evaluation sheet, filled automatically from the CIQ.”). - The Business administrator opens on Rules. The menu shows Rules, Questionnaire, Section owners and Suppliers; there is no Dashboard, My reviews or New case. | H3: REQ-CFG-004, REQ-CTL-002, REQ-CTL-006 | I3: High
A4: TC-03 | B4: Case start | C4: Raw Material Manager (RMM) | D4: New case: required data, contact rules and duplicate warning | E4: In the supplier master: supplier A with three active contacts, one of them marked “May not confirm”; supplier C inactive. For steps 8–9, do them after TC-04 (an open case for supplier A with a known BDF material no.). | F4: 1. On the Dashboard, click “New case”. 2. Without entering anything, click “Create case and invite supplier”. 3. Look for supplier C in the supplier list. 4. Select supplier A. Try to tick a third case contact. 5. Untick all contacts. 6. Tick only the contact marked “May not confirm”. 7. Untick every target market. 8. (Do steps 8–9 after TC-04.) In New case, select supplier A and enter the BDF material no. of its open case. 9. Click “Create case and invite supplier” without filling in “Why is a second case needed?”. | G4: - Step 2: a red box “Complete N items before creating the case:” lists every missing item at once: “Enter the trade name.”, “Enter the main INCI.”, “Enter the BDF material number.” and “Choose the supplier.”. No case is created. - Step 3: supplier C is not listed. - Step 4: the first two active contacts are ticked automatically. The third shows “a case has at most two contacts” and cannot be ticked. - Step 5: “Choose one or two case contacts.” - Step 6: “None of the chosen contacts may confirm completeness or give the final release. Add one who may.” - Step 7: “Choose at least one target market.” - Step 8: a warning says a case is already open for supplier A and this BDF material no., with a link to it. “Why is a second case needed?” becomes required. - Step 9: “Say why a second case is needed for this material.” No case is created. - RMM cannot add a supplier or contact here: “Supplier not in the list? Ask the business administrator to add it in Suppliers.” | H4: REQ-PROC-001 | I4: High
A5: TC-04 | B5: Case start | C5: Raw Material Manager (RMM); Supplier contact (to check) | D5: Start a case and invite the supplier contacts | E5: Test supplier A is active with at least three active contacts; at least two may confirm. The contacts have Supplier Portal accounts. | F5: 1. Click “New case”. Enter Trade name, Main INCI and BDF material no. Leave Case owner as yourself. 2. Search supplier A in “Find by supplier, DUNS, country, city or contact…” and select its card. 3. Under “Case contacts”, keep or tick two contacts. 4. Under Target markets, select European Union and United Kingdom. Read the line below the markets. 5. Keep the due date (60 days from today) and Priority “Normal”. Note the questionnaire and rule set shown under “What happens next”. 6. Click “Create case and invite supplier”. 7. As one of the two named contacts, sign in to the Supplier Portal and open My requests. 8. As supplier A's third contact (not named on the case), open My requests. | G5: - Step 4: “These markets add:” names the UK chapter and annex (K6.2 UK REACH, A11 UK REACH (per substance)). - Step 6: the button shows “Sending…”, then the new case page opens with its case ID. - The header shows the trade name, the phase “Supplier filling in the CIQ” and “With supplier”, plus INCI, BDF material no., the supplier with its DUNS number, the owner and the due date. - Overview > Case facts shows the same questionnaire and rule-set versions as New case. “Supplier contacts” lists exactly the two chosen contacts. - History records the creation with your name and the time. Cases lists the case under Open and Part 1. - Step 7: the named contact sees the request under “Needs your action”. Trade name, supplier, DUNS number and contact e-mails are pre-filled and locked; the target markets are shown read-only. - Step 8: the contact who is not named does not see the request. | H5: REQ-PROC-001, REQ-PROC-004, REQ-CFG-001, REQ-CFG-003, REQ-CTL-001, REQ-CTL-003 | I5: High
A6: TC-05 | B6: Case start – supplier sign-in | C6: Supplier contact | D6: Sign in and see My requests and Help | E6: The case from TC-04 names supplier contact A, who has a Supplier Portal account and has not worked in the portal before. | F6: 1. Sign in to the Supplier Portal as contact A. 2. Read the start page “My requests”. 3. Check the left menu; collapse and expand it. 4. Click “How the portal works”. 5. Click “My requests” in the left menu. | G6: - The portal opens on “My requests”, with the company name above “Welcome, <first name>”. No Beiersdorf-internal screen or menu item is shown. - “Your tasks (1)” lists “Fill in the CIQ and confirm completeness” with the material, the reference, “Questionnaire · start with the metadata questions (0 of 8 answered)”, the due date and “Start”. - Under “Needs your action”, the card shows the material name, INCI, “Beiersdorf ref.”, “Material no.”, “Fill in the questionnaire — 0 %”, “Step 1 of 3 · metadata questions: 0 of 8 answered”, “Due <date>” and “Start the questionnaire”. - Left menu: “My requests” with the open-task count, and “Help”. At the bottom: “Updated <time>”, Reload and the night-mode switch. - Help shows “How it works” in three steps (Fill in the questionnaire, Answer Beiersdorf's questions, Give the final release), the FAQs and “Your Beiersdorf contacts” with the RMM of each open request. - An earlier released request of the same supplier, if any, is under “Closed” with “Completed”, “Released <date>” and “View”. | H6: REQ-PROC-004, REQ-PROC-030, REQ-CTL-003, REQ-CTL-006, REQ-CTL-010 | I6: High
A7: TC-06 | B7: Supplier fills in – request page | C7: Supplier contact | D7: Open a request and see its header, steps and sections | E7: Contact A is named on a new request (TC-04) that has not been started. Target markets: European Union and United Kingdom. | F7: 1. On My requests, click “Start the questionnaire” on the request card. 2. Read the header, the step bar and the completeness bar. 3. Read the section navigator on the left. 4. Open “General information”. 5. Repeat on a phone-sized screen and open the section selector. | G7: - The header shows the material name, INCI, “Beiersdorf ref.”, “Material no.”, “Your Beiersdorf contact: <RMM name> · <e-mail>”, “Fill in the questionnaire — 0 %” and “Due <date> · in N days”. A “My requests” link leads back. - The step bar reads Questionnaire (current) · Beiersdorf review · Final release. - The completeness bar shows “0 % complete · 0 of N required answers”, “Every answer is saved automatically.”, the colleagues named on the request, and the buttons “Check completeness” and “Confirm completeness”. - The navigator says “<N> sections apply to this material”, grouped into General (General information, Metadata questions), Chapters and Annexes. Each entry shows Mandatory, Optional or Documents only and its progress. - Only sections that apply are listed: with the UK market, K6.2 UK REACH and A11 UK REACH (per substance) are present; Turkey REACH is not. - The page opens at the first section with something missing. - In General information, trade name, supplier name, DUNS number and contact e-mails are locked and marked “Pre-filled by Beiersdorf”. Manufacturer and production site can be edited. - On a phone, a “Section” selector is grouped the same way. There is no sideways scrolling. | H7: REQ-PROC-004, REQ-PROC-009, REQ-PROC-010, REQ-CTL-006 | I7: High
A8: TC-07 | B8: Supplier fills in – metadata and scope | C8: Supplier contact; Raw Material Manager (RMM) to check | D8: Metadata answers open and close sections live | E8: Request in “Fill in the questionnaire”, no metadata question answered yet. Target market: European Union only. | F8: 1. In the navigator, open “Metadata questions”. Read the questions and the panel “What your answers switch on”. 2. For “What is the origin of the components?”, select “Vegetable (bio mass)”. 3. Click A1 Vegetable origin in the note under the question, enter one answer there, and go back. 4. Deselect “Vegetable (bio mass)”, then select it again and open A1. 5. Answer “Is the material a UV filter?” with Yes. 6. Answer “Is microbiological testing of the raw material required?” with No. 7. Also select “Waste / side stream” as an origin. 8. Answer the remaining required questions. 9. As RMM, open the case, click Reload, and check Overview > Scope and the Questionnaire tab. | G8: - 9 numbered questions, 8 of them required (marked *). “Target markets set by Beiersdorf” is read-only. The header reads “0 of 8 answered”. - Step 2: “Opened: A1 Vegetable origin, A2 Manufacturing process, A9 Polyaromatic hydrocarbons (PAH).” The three sections appear at once in the navigator, marked “New” until opened. K1 now asks for “Sustainability certificates” (“Asked because the origin includes Vegetable.”) and K2.3 shows “Part(s) used” and “Country of origin”. (K2.3 asks for “Feedstock (e.g. sunflower, palm, soy)”, “Content [%] in INCI” and “Content [%] in raw material” on every case, whatever the origin.) The panel lists the added annexes with “Because: …” and the evidence that will be asked for. - Step 3: A1 starts with “Country of origin”, locked: “Filled in from Country of origin (K2.3). Change it there.” - Step 4: “Closed: … Your answers there are kept and come back if the section reopens.” After reselecting, the A1 answer is back. - Step 5: “Opened: A5 UV filters.” - Step 6: “K5.1 Microbiological test is now waived. Give the reason in the box under this question.” A justification box appears; K5.1 shows “Waived · justification needed”; K5.2 stays mandatory. - Step 7: “There are no specific rules yet for waste, CCU or chemically recycled origins. You get the standard sections; Beiersdorf may ask for more.” The supplier does not have to wait for Beiersdorf. Each selected origin must be used by at least one component in K2.1: until a component has “Waste / side stream”, the completeness check lists “You selected the origin “Waste / side stream”, but no component has it. Add the component or remove the origin.” - Step 8: the header shows “All answered”; the section count and the completeness % update. No rule numbers are shown. - Step 9: RMM sees the same sections and “Required metadata questions answered: 8 of 8”. The Scope card “Follows the supplier's metadata answers until completeness”. | H8: REQ-PROC-007, REQ-PROC-009, REQ-PROC-010, REQ-CFG-003, REQ-CFG-008, REQ-CFG-009 | I8: High
A9: TC-08 | B9: Supplier fills in – answers | C9: Supplier contact; Raw Material Manager (RMM) to check | D9: Fill in sections: answer types, checks and “cannot provide” justifications | E9: Request in “Fill in the questionnaire”. Metadata questions answered with origin Vegetable. | F9: 1. In General information, fill “Manufacturer (name and address)” and “Production site (name and address)”, then click outside the field. 2. Try to change “Trade name of the raw material”. 3. In K2.2 Byproducts and contaminations, type “abc” in “Arsenic (As) content”, then 0.8. 4. Click “Write the justification” and fill “Justification for values above the BDF limit”. 5. In A1, answer “Pesticides analysis available?” with Yes, then with No. 6. At a mandatory question you cannot answer, click “Cannot provide? Add a justification”, write a reason and click outside. 7. Click “Remove justification”, then add the justification again. 8. Complete one section, then use “Next: …” at the bottom. 9. As RMM, open the case's Questionnaire tab. | G9: - Each answer is saved when you leave the field; below it “Answered by <name> (you) · <date, time>”. - Step 2: the field is locked; it is set by Beiersdorf. - Step 3: “abc” gives “Please enter a number”. 0.8 gives “Above the BDF limit of 0.5 mg/kg. …” pointing to the justification at the end of the section, which stays highlighted until it is filled. - Step 5: Yes shows “Pesticides analysis (PDF)”; No shows “Reason the pesticides analysis is not available” instead. This question offers no “Cannot provide? Add a justification”, and neither do “Is palm (kernel) oil used as feedstock?” (A1) and “Kinematic viscosity at 100 °C: availability” (A4). - Step 6: the box “Why can't you provide this?” says “A justification counts as answered for the completeness check. Beiersdorf decides whether it is acceptable.” The item shows “Justified” with your name and time and no longer counts as missing. - Step 7: after removing the justification the item is missing again. - Step 8: the section header changes from “x of y answered” to “Complete”; the navigator shows a check and the overall % rises. “Next: <code> · <title>” opens the next section that applies. - Step 9: RMM sees each answer and justification with who gave it and when, and cannot change any of them. | H9: REQ-CFG-002, REQ-PROC-006, REQ-PROC-012, REQ-CTL-001 | I9: High
A10: TC-09 | B10: Supplier fills in – composition | C10: Supplier contact; Raw Material Manager (RMM) to check | D10: Enter the composition in K2.1 Components and additives | E10: Request in “Fill in the questionnaire”. Origins answered: Vegetable (bio mass) and Petrochemical / fossil. | F10: 1. Open K2.1 Components and additives and click “Add component”. 2. Fill “INCI (European) / IUPAC” and “Function”, answer “Additive?” with No, and open the “Origin” list. Keep “Vegetable (bio mass)”. 3. Enter CAS number 59-02-8, then 59-02-9. Enter EC number 200-412-3, then 200-412-2, then replace it with the REACH registration number 01-2119457892-27-0000. 4. Enter the concentration as 60 – 40 % and click outside the field, then enter 40 – 60 %. 5. Add a second component: choose Origin “Petrochemical / fossil”, fill INCI and Function, answer “Additive?” with Yes and enter 0.1 – 0.5 %. 6. Add a third component. Click into its “INCI (European) / IUPAC” field, leave everything empty and click elsewhere. Click “Check completeness”. Then remove the third component with its bin icon. 7. In Metadata questions, deselect “Petrochemical / fossil”. Go back to K2.1 and click “Check completeness”. Then select “Petrochemical / fossil” again. 8. Enter “Natural origin index” 1.5, then 0.853, then 0.85. 9. Reload the page. 10. As RMM, open K2.1 on the case's Questionnaire tab. | G10: - “Composition*” reads “One row per component. Each component's origin must be one you selected in the metadata questions, and each selected origin must be used by a component.” Before the first row: “No components yet. Add every component of the raw material, including additives such as antioxidants.” - Each “Component n” has “Additive?*” with Yes and No (neither preselected), “INCI (European) / IUPAC*” with the note “The INCI name. If there is none: the chemical name (IUPAC). For colorants, also the Colour Index number.”, “CAS number”, “EC number (EINECS/ELINCS/NLP) or REACH registration no.”, “Function*”, “Origin*” and “Concentration in the raw material*” (min – max %). - The Origin list offers only Vegetable (bio mass) and Petrochemical / fossil. - Step 3: at once, 59-02-8 gives “The CAS check digit does not match. Please check for a typo” and 200-412-3 gives “The EC check digit does not match. Please check for a typo”. The valid numbers are accepted, and so is the REACH registration number in the EC field. - Step 4: 60 – 40 gives “The minimum is higher than the maximum”. Values outside 0–100 give “Concentrations must be between 0 and 100 %”. - “Total: min x % · max y %” is shown. When the maximums add up to less than 100 %: “The maximum concentrations add up to y %, less than 100 %. Is a component missing? This is a hint only and does not block your submission.” - Step 6: the empty component shows “Required” under INCI (European) / IUPAC, Function and Additive?, and “Enter a minimum and a maximum concentration”. The completeness check lists “Component 3: INCI (European) / IUPAC is missing”, “Component 3: Function is missing”, “Component 3: Additive: answer Yes or No” and “Component 3: Enter a minimum and a maximum concentration”; each item jumps to the component. A wrong CAS or EC number is listed the same way. After the removal the row disappears; the “<n> components” badge and “Last changed by <name> · <time>” update. - Step 7: component 2 shows “Not one of the origins you selected in the metadata questions” under Origin, and the completeness check lists “Component 2: its origin “Petrochemical / fossil” is not one of the origins you selected in the metadata questions”. After selecting the origin again, both are gone. (TC-07 checks the other direction: a selected origin that no component has.) - Step 8: 1.5 gives “Must be between 0 and 1”; 0.853 gives “Max. 2 decimals”; 0.85 is accepted. - Step 9: all rows and values come back in the same order. - Step 10: RMM sees the same rows read-only (#, INCI / IUPAC, CAS, EC / REACH no., Function, Origin, Additive, Concentration). An unanswered Additive shows “—”. - Later, a component Beiersdorf has asked about shows “Asked about” instead of the bin and cannot be removed. | H10: REQ-CFG-002, REQ-PROC-006 | I10: High
A11: TC-10 | B11: Supplier fills in – documents | C11: Supplier contacts A and B; Raw Material Manager (RMM) to check | D11: Upload documents at the question; remove an own file | E11: Request in “Fill in the questionnaire”. Contacts A and B are named. Origin Vegetable answered. | F11: 1. As A, in K1 Mandatory documents, drop or choose a PDF at “Safety data sheet (SDS)”. Click “Preview”. 2. Upload a second file at the same question. 3. In “Requested documents” at the end of the section, upload a file to one row. 4. Open a chapter answered with documents only (e.g. K3 Storage conditions and handling) and upload a statement. 5. On a file A uploaded, click “Remove”, then “No”. Click “Remove” again, then “Yes, remove”. 6. As B, look at A's files. 7. As RMM, open the case's Documents tab. | G11: - Step 1: the toast “<file> uploaded.” The file shows its name and “uploaded <date, time> · by <name> (you) · <size> KB”, and the question counts as answered. “Preview” opens the file. - Step 2: the second file is listed next to the first with today's date: “A new file is added next to the earlier ones, with today's date. Earlier files stay listed.” Nothing is overwritten. - Step 3: the row says in plain words why Beiersdorf needs the document and shows “Uploaded” afterwards. A row without a file offers “Cannot provide? Add a justification”. - Step 4: “This chapter is answered with documents …” and “It does not block your completeness confirmation.” Toast “<file> added to K3.” - Step 5: “No” keeps the file. “Yes, remove” shows “Removing…”, then “File removed from the questionnaire.” If it was the only file, the question counts as missing again. - Step 6: B has no “Remove” on A's files; only the uploader can remove a file. “Remove” is also not offered on a file that answers an open question, once the final release is requested, after the release, or on a withdrawn request. - Step 7: RMM sees each file at its question and on the Documents tab, with file name, uploader and upload date. | H11: REQ-PROC-011, REQ-PROC-031 | I11: High
A12: TC-11 | B12: Supplier fills in – saving and teamwork | C12: Supplier contacts A and B; Raw Material Manager (RMM) to check | D12: Answers save automatically; continue later; two colleagues work at the same time | E12: Request in “Fill in the questionnaire”. Contacts A and B are both named on it. | F12: 1. As A, answer questions in two sections and watch the bottom of the left menu. 2. Close the browser without saving. Later, sign in again as A. 3. On My requests, read the greeting, the task row and the card. Click “Continue”. 4. As B in another browser, open the same request and answer a question in another section. 5. As A, click Reload in the left menu. 6. A and B change the same answer one after the other, then both click Reload. 7. As RMM, open the case's Questionnaire tab. | G12: - There is no save button. The menu shows “Saving…”, then “Updated <time>”. - Step 3: “Welcome back, <first name>”. The task row shows “Questionnaire · N % done · M items still open” with “Continue”; the card shows “Continue questionnaire”. “Continue” opens the first section with something missing, with all earlier answers. - Steps 4–5: B sees A's answers with A's name. After Reload, A sees B's answer with “Answered by <B>”. The completeness bar shows “<B> can work on other sections at the same time.” A note says B also worked on this questionnaire and that, if both change the same answer, the later save counts. - Step 6: both see the later save, with the name of whoever saved it. No answer is lost. - Step 7: RMM sees the answers of both contacts, each with its own name and time. | H12: REQ-CTL-001, REQ-PROC-006 | I12: High
A13: TC-12 | B13: Supplier fills in – Beiersdorf view | C13: Raw Material Manager (RMM) | D13: RMM follows the case while the supplier fills in the CIQ | E13: The supplier contacts of a case have answered some metadata questions and some sections, but have not yet confirmed completeness. | F13: 1. Open the case from Cases. 2. Check the header and the status strip. 3. On Overview, read the cards Reviews, Confirmations, Scope and Supplier contacts. 4. Open the Questionnaire tab and click the filters “All sections”, “Missing items” and “Not applicable”. 5. Open a section with answers, then a section that does not apply. | G13: - The status strip shows four steps: Supplier fills in, Review, Final release, Completed. The current one is Supplier fills in, with “In “Supplier filling in the CIQ” since … · the next step is with the supplier”. - Reviews: “The reviews start when the supplier confirms completeness.” and “Based on the current scope: RMM (whole CIQ), …” with the expected departments, and that Customs and Legal will be informed. - Confirmations: “Nothing confirmed yet.” - Scope: “Follows the supplier's metadata answers until completeness”, with counts for Mandatory, Optional and Not applicable, and “Required metadata questions answered: x of 8”. - Supplier contacts lists the named contacts; a contact not allowed to confirm is marked “May not confirm”. - Each answer shows who entered it and when. - A section that does not apply shows “Why not applicable” with the reason; the supplier does not see this section. - RMM has no control to change an answer. | H13: REQ-PROC-006, REQ-PROC-009, REQ-PROC-010, REQ-CTL-001, REQ-CTL-006 | I13: High
... A45: TC-44 | B45: Administration – configuration | C45: Business administrator | D45: Review the questionnaire, rules and section owners that cases use | E45: A Business administrator user holding only that role. At least one running case. | F45: 1. Open Rules and read the banner on top, the version panel and the list of rules. 2. Open “Test rules” > “Try one material”. Set the origin to Vegetable. 3. Open Questionnaire and click All, Chapters, Annexes and With questions. 4. Open Section owners and find K2.2. 5. Open a running case from Cases and compare Overview > Case facts. | G45: - The banner reads “Configuration changes are not live in this version. The configuration shown is the one cases use.” - Rules shows the published version with its date and change note. Each rule is written as a sentence tied to its metadata question and the sections it switches on. - Step 2: “Derived scope” lists A1 Vegetable origin, A2 Manufacturing process and A9 Polyaromatic hydrocarbons (PAH) as mandatory; “Evidence the supplier must upload” lists “Pesticide and mycotoxin analysis” and “Sustainability certificates” (R-10) besides the documents every case needs; “Who reviews” names RMM and the lead departments. Nothing is saved. - Step 3: Questionnaire lists the chapters and annexes of the version, each with its lead department. - Step 4: K2.2 is led by Safety with QM as co-reviewer. Customs and Legal are shown as informed, not reviewing. - Step 5: the case shows the questionnaire and rule-set versions it started with. | H45: REQ-CFG-001, REQ-CFG-003, REQ-CFG-006, REQ-PROC-009, REQ-PROC-010 | I45: Medium

Sheet Summary
A1: Test results summary
A3: Result | B3: All | C3: High priority | D3: Medium priority | E3: Low priority
A4: Pass | B4: =COUNTIF('Test cases'!$J$2:$J$45,"Pass") | C4: =COUNTIFS('Test cases'!$J$2:$J$45,"Pass",'Test cases'!$I$2:$I$45,"High") | D4: =COUNTIFS('Test cases'!$J$2:$J$45,"Pass",'Test cases'!$I$2:$I$45,"Medium") | E4: =COUNTIFS('Test cases'!$J$2:$J$45,"Pass",'Test cases'!$I$2:$I$45,"Low")
A5: Fail | B5: =COUNTIF('Test cases'!$J$2:$J$45,"Fail") | C5: =COUNTIFS('Test cases'!$J$2:$J$45,"Fail",'Test cases'!$I$2:$I$45,"High") | D5: =COUNTIFS('Test cases'!$J$2:$J$45,"Fail",'Test cases'!$I$2:$I$45,"Medium") | E5: =COUNTIFS('Test cases'!$J$2:$J$45,"Fail",'Test cases'!$I$2:$I$45,"Low")
A6: Blocked | B6: =COUNTIF('Test cases'!$J$2:$J$45,"Blocked") | C6: =COUNTIFS('Test cases'!$J$2:$J$45,"Blocked",'Test cases'!$I$2:$I$45,"High") | D6: =COUNTIFS('Test cases'!$J$2:$J$45,"Blocked",'Test cases'!$I$2:$I$45,"Medium") | E6: =COUNTIFS('Test cases'!$J$2:$J$45,"Blocked",'Test cases'!$I$2:$I$45,"Low")
A7: Not tested | B7: =COUNTIF('Test cases'!$J$2:$J$45,"Not tested")+COUNTBLANK('Test cases'!$J$2:$J$45) | C7: =COUNTIFS('Test cases'!$J$2:$J$45,"Not tested",'Test cases'!$I$2:$I$45,"High")+COUNTIFS('Test cases'!$J$2:$J$45,"",'Test cases'!$I$2:$I$45,"High") | D7: =COUNTIFS('Test cases'!$J$2:$J$45,"Not tested",'Test cases'!$I$2:$I$45,"Medium")+COUNTIFS('Test cases'!$J$2:$J$45,"",'Test cases'!$I$2:$I$45,"Medium") | E7: =COUNTIFS('Test cases'!$J$2:$J$45,"Not tested",'Test cases'!$I$2:$I$45,"Low")+COUNTIFS('Test cases'!$J$2:$J$45,"",'Test cases'!$I$2:$I$45,"Low")
A8: Total test cases | B8: =COUNTA('Test cases'!$A$2:$A$45) | C8: =COUNTIF('Test cases'!$I$2:$I$45,"High") | D8: =COUNTIF('Test cases'!$I$2:$I$45,"Medium") | E8: =COUNTIF('Test cases'!$I$2:$I$45,"Low")
A10: Tested so far | B10: =IF(B8=0,0,(B4+B5+B6)/B8)
A11: Passed of tested | B11: =IF((B4+B5+B6)=0,0,B4/(B4+B5+B6))
A13: Counts update automatically from the Result column of “Test cases”. A blank Result counts as Not tested.
